shortcode	category	type	name	weight	value	durability
BvCap	Armor	armorgear	Beaver Cap	0.5	48	9
BvCloak	Armor	armorgear	Beaver Cloak	3	270	9
BvCowl	Armor	armorgear	Beaver Cowl	1.3	105	9
BvGlv	Armor	armorgear	Beaver Gloves	0.4	90	9
BvHat	Armor	armorgear	Beaver Hat	0.6	75	9
BvMntl	Armor	armorgear	Beaver Mantle	0.9	222	9
BvMitt	Armor	armorgear	Beaver Mittens	1	126	9
BvShirt	Armor	armorgear	Beaver Shirt	2	165	9
BvSTnc	Armor	armorgear	Beaver Sleeved Tunic	5.4	450	9
BvTunic	Armor	armorgear	Beaver Tunic	5.4	444	9
BvVest	Armor	armorgear	Beaver Vest	2.9	288	9
BBrch	Armor	armorgear	Buckram Breeches	0.9	17	10
BCap	Armor	armorgear	Buckram Cap	0.2	4	10
BClk	Armor	armorgear	Buckram Cloak	3.3	66	10
BCoat	Armor	armorgear	Buckram Coat	3.2	64	10
BCowl	Armor	armorgear	Buckram Cowl	0.3	6	10
BGlv	Armor	armorgear	Buckram Gloves	0.3	20	10
BHat	Armor	armorgear	Buckram Hat	0.3	15	10
BBoot	Armor	armorgear	Buckram Knee Boots	1.5	45	10
BLeg	Armor	armorgear	Buckram Leggings	1.8	36	10
BMntl	Armor	armorgear	Buckram Mantle	1.1	21	10
BRobe	Armor	armorgear	Buckram Robe	4	79	10
BShirt	Armor	armorgear	Buckram Shirt	1.7	33	10
BSkirt	Armor	armorgear	Buckram Skirt	3	40	10
BSTnc	Armor	armorgear	Buckram Sleeved Tunic	2.5	50	10
BScoat	Armor	armorgear	Buckram Surcoat	2.7	54	10
BSwd	Armor	armorgear	Buckram Swaddle	1	19	10
BTrsr	Armor	armorgear	Buckram Trousers	2	39	10
BTunic	Armor	armorgear	Buckram Tunic	2.3	45	10
BVest	Armor	armorgear	Buckram Vest	1.2	24	10
CBrch	Armor	armorgear	Cloth Breeches	0.9	17	10
CCBoot	Armor	armorgear	Cloth Calf Boots	1.2	38	10
CCap	Armor	armorgear	Cloth Cap	0.2	4	10
CCoat	Armor	armorgear	Cloth Coat	3.2	64	10
CCowl	Armor	armorgear	Cloth Cowl	0.3	6	10
CGntl	Armor	armorgear	Cloth Gauntlets	0.3	20	10
CGlv	Armor	armorgear	Cloth Gloves	0.3	20	10
CKBoot	Armor	armorgear	Cloth Knee Boots	1.5	45	10
CLeg	Armor	armorgear	Cloth Leggings	1.8	36	10
CLoin	Armor	armorgear	Cloth Loincloth	0.8	10	10
CMntl	Armor	armorgear	Cloth Mantle	1.1	21	10
CRobe	Armor	armorgear	Cloth Robe	4	79	10
CShirt	Armor	armorgear	Cloth Shirt	1.7	33	10
CShoe	Armor	armorgear	Cloth Shoes	1	25	10
CSTnc	Armor	armorgear	Cloth Sleeved Tunic	2.5	50	10
CScoat	Armor	armorgear	Cloth Surcoat	2.7	54	10
CSwd	Armor	armorgear	Cloth Swaddle	1	19	10
CTrsr	Armor	armorgear	Cloth Trousers	2	39	10
CTunic	Armor	armorgear	Cloth Tunic	2.3	45	10
CVest	Armor	armorgear	Cloth Vest	1.2	24	10
ECap	Armor	armorgear	Ermine Cap	0.4	96	7
ECloak	Armor	armorgear	Ermine Cloak	2.3	540	7
ECowl	Armor	armorgear	Ermine Cowl	1	210	7
EGlv	Armor	armorgear	Ermine Gloves	0.3	180	7
EHat	Armor	armorgear	Ermine Hat	0.5	150	7
EMntl	Armor	armorgear	Ermine Mantle	0.7	444	7
EShirt	Armor	armorgear	Ermine Shirt	1.5	330	7
EVest	Armor	armorgear	Ermine Vest	2.2	576	7
GCoat	Armor	armorgear	Gambeson Coat	18.5	528	11
GLngVest	Armor	armorgear	Gambeson Long Vest	10.9	312	11
GSht	Armor	armorgear	Gambeson Shirt	9.8	280	11
GSTnc	Armor	armorgear	Gambeson Sleeved Tunic	14.6	416	11
GTnc	Armor	armorgear	Gambeson Tunic	13.2	376	11
GVest	Armor	armorgear	Gambeson Vest	7.3	208	11
HsBrch	Armor	armorgear	Homespun Breeches	0.2	5	5
HsCap	Armor	armorgear	Homespun Cap	0.1	1	5
HsClk	Armor	armorgear	Homespun Cloak	0.8	20	5
HsCoat	Armor	armorgear	Homespun Coat	0.8	19	5
HsCowl	Armor	armorgear	Homespun Cowl	0.1	2	5
HsDress	Armor	armorgear	Homespun Dress	1	24	5
HsLeg	Armor	armorgear	Homespun Leggings	0.5	11	5
HsMntl	Armor	armorgear	Homespun Mantle	0.3	6	5
HsRobe	Armor	armorgear	Homespun Robe	1	24	5
HsSkirt	Armor	armorgear	Homespun Skirt	0.8	12	5
HsSTnc	Armor	armorgear	Homespun Sleeved Tunic	0.6	15	5
HsScoat	Armor	armorgear	Homespun Surcoat	0.7	16	5
HsSwd	Armor	armorgear	Homespun Swaddle	0.3	6	5
HsTrsr	Armor	armorgear	Homespun Trousers	0.5	12	5
HsTunic	Armor	armorgear	Homespun Tunic	0.6	14	5
HsVest	Armor	armorgear	Homespun Vest	0.3	7	5
KAil	Armor	armorgear	Kûrbúl Ailettes	1.1	15	13
KBrst	Armor	armorgear	Kûrbúl Breastplate	4.5	60	13
KCou	Armor	armorgear	Kûrbúl Coudes	0.8	10	13
KCui	Armor	armorgear	Kûrbúl Cuirass	9.1	120	13
KGrvs	Armor	armorgear	Kûrbúl Greaves	4.6	60	13
KHlfHelm	Armor	armorgear	Kûrbúl Halfhelm	3	20	13
KKnee	Armor	armorgear	Kûrbúl Kneecops	1.1	15	13
KRebr	Armor	armorgear	Kûrbúl Rerebraces	3	40	13
KSpld	Armor	armorgear	Kûrbúl Spaulders	1.1	15	13
KVamb	Armor	armorgear	Kûrbúl Vambraces	1.9	25	13
K34Hlm	Armor	armorgear	Kûrbúl ¾-Helm	5.3	35	13
LtApn	Armor	armorgear	Leather Apron	3	160	9
LtBrcr	Armor	armorgear	Leather Bracers	0.5	40	9
LtBrch	Armor	armorgear	Leather Breeches	2.2	192	9
LtCBoot	Armor	armorgear	Leather Calf Boots	1.7	152	9
LtCap	Armor	armorgear	Leather Cap	0.4	32	9
LtCloak	Armor	armorgear	Leather Cloak	2.3	180	9
LtCowl	Armor	armorgear	Leather Cowl	1	70	9
LtGlove	Armor	armorgear	Leather Gloves	0.3	60	9
LtHat	Armor	armorgear	Leather Hat	0.5	50	9
LtKBoot	Armor	armorgear	Leather Knee Boots	2.3	240	9
LtLoin	Armor	armorgear	Leather Loincloth	1.7	40	9
LtLngVst	Armor	armorgear	Leather Long Vest	4.1	296	9
LtLgShrt	Armor	armorgear	Leather Longshirt	4.1	296	9
LtMntl	Armor	armorgear	Leather Mantle	0.7	148	9
LtRobe	Armor	armorgear	Leather Robe	6.1	450	9
LtSndls	Armor	armorgear	Leather Sandals	0.3	50	9
LtShirt	Armor	armorgear	Leather Shirt	1.5	110	9
LtShoe	Armor	armorgear	Leather Shoes	0.9	70	9
LtSkirt	Armor	armorgear	Leather Skirt	2.4	130	9
LtSTunic	Armor	armorgear	Leather Sleeved Tunic	4.1	300	9
LtScoat	Armor	armorgear	Leather Surcoat	4.1	300	9
LtTunic	Armor	armorgear	Leather Tunic	4.1	296	9
LtVest	Armor	armorgear	Leather Vest	2.2	192	9
LApn	Armor	armorgear	Linen Apron	1.1	5	5
LnBrch	Armor	armorgear	Linen Breeches	0.2	9	5
LCap	Armor	armorgear	Linen Cap	0.1	2	5
LClk	Armor	armorgear	Linen Cloak	0.8	33	5
LCoat	Armor	armorgear	Linen Coat	0.8	32	5
LCowl	Armor	armorgear	Linen Cowl	0.1	3	5
LDress	Armor	armorgear	Linen Dress	1	40	5
LHat	Armor	armorgear	Linen Hat	0.1	8	5
LLeg	Armor	armorgear	Linen Leggings	0.5	18	5
LMntl	Armor	armorgear	Linen Mantle	0.3	11	5
LRobe	Armor	armorgear	Linen Robe	1	40	5
LShirt	Armor	armorgear	Linen Shirt	0.4	17	5
LSkirt	Armor	armorgear	Linen Skirt	0.8	20	5
LSTnc	Armor	armorgear	Linen Sleeved Tunic	0.6	25	5
LScoat	Armor	armorgear	Linen Surcoat	0.7	27	5
LnSwd	Armor	armorgear	Linen Swaddle	0.3	10	5
LTrsr	Armor	armorgear	Linen Trousers	0.5	20	5
LTunic	Armor	armorgear	Linen Tunic	0.6	23	5
LVest	Armor	armorgear	Linen Vest	0.3	12	5
MByr	Armor	armorgear	Mail Byrnie	14.9	495	13
MCwl	Armor	armorgear	Mail Cowl	2.7	90	13
MCui	Armor	armorgear	Mail Cuisse	7.7	255	13
MHbgn	Armor	armorgear	Mail Habergeon	20.3	675	13
MHbk	Armor	armorgear	Mail Hauberk	28.8	960	13
MLeg	Armor	armorgear	Mail Leggings	16.2	540	13
MLCowl	Armor	armorgear	Mail Long Cowl	3.5	120	13
MLHbk	Armor	armorgear	Mail Long Hauberk	28.8	960	13
MLShirt	Armor	armorgear	Mail Longshirt	14.9	495	13
MMtn	Armor	armorgear	Mail Mittens	2.3	75	13
MShirt	Armor	armorgear	Mail Shirt	13.2	240	13
MSByr	Armor	armorgear	Mail Sleeved Byrnie	22	400	13
MVest	Armor	armorgear	Mail Vest	13.2	240	13
PCap	Armor	armorgear	Padded Cap	0.3	8	10
PCoat	Armor	armorgear	Padded Coat	5.1	128	10
PCwl	Armor	armorgear	Padded Cowl	0.5	12	10
PCuis	Armor	armorgear	Padded Cuisse	1.4	34	10
PLeg	Armor	armorgear	Padded Leggings	2.9	72	10
PLgSht	Armor	armorgear	Padded Longshirt	3.3	88	10
PMntl	Armor	armorgear	Padded Mantle	1.7	42	10
PMitn	Armor	armorgear	Padded Mittens	0.4	10	10
PPant	Armor	armorgear	Padded Pants	3.1	78	10
PSht	Armor	armorgear	Padded Shirt	2.6	66	10
PSTnc	Armor	armorgear	Padded Sleeved Tunic	4	100	10
PScoat	Armor	armorgear	Padded Surcoat	4.3	108	10
PTrsr	Armor	armorgear	Padded Trousers	3.1	78	10
PTnc	Armor	armorgear	Padded Tunic	3.6	90	10
PVest	Armor	armorgear	Padded Vest	1.9	48	10
PlAil	Armor	armorgear	Plate Ailettes	1.1	60	14
PlBreast	Armor	armorgear	Plate Breastplate	4.5	240	14
PlCou	Armor	armorgear	Plate Coudes	0.8	40	14
PlCui	Armor	armorgear	Plate Cuirass	9.1	480	14
PlGtHlm	Armor	armorgear	Plate Great Helm	6.8	180	14
PlGrvs	Armor	armorgear	Plate Greaves	4.6	240	14
PlHHelm	Armor	armorgear	Plate Halfhelm	3	80	14
PlKncp	Armor	armorgear	Plate Kneecops	1.1	60	14
PlRebr	Armor	armorgear	Plate Rerebraces	3	160	14
PlSpld	Armor	armorgear	Plate Spaulders	1.1	60	14
PlVamb	Armor	armorgear	Plate Vambraces	1.9	100	14
Pl34Hlm	Armor	armorgear	Plate ¾-Helm	5.3	140	14
QCap	Armor	armorgear	Quilted Cap	0.7	16	11
QCoat	Armor	armorgear	Quilted Coat	11.5	256	11
QCwl	Armor	armorgear	Quilted Cowl	1.1	24	11
QCui	Armor	armorgear	Quilted Cuisse	3.1	68	11
QLgSht	Armor	armorgear	Quilted Longshirt	6.6	150	11
QMntl	Armor	armorgear	Quilted Mantle	3.8	84	11
QSht	Armor	armorgear	Quilted Shirt	5.9	132	11
QSTnc	Armor	armorgear	Quilted Sleeved Tunic	9	200	11
QScoat	Armor	armorgear	Quilted Surcoat	9.7	216	11
QTnc	Armor	armorgear	Quilted Tunic	8.1	180	11
QVest	Armor	armorgear	Quilted Vest	4.3	96	11
RhApr	Armor	armorgear	Rawhide Blacksmith Apron	5	80	11
RhBrcr	Armor	armorgear	Rawhide Bracers	0.8	20	11
RhBrch	Armor	armorgear	Rawhide Breeches	3.6	96	11
RhCBoot	Armor	armorgear	Rawhide Calf Boots	2.9	76	11
RhCap	Armor	armorgear	Rawhide Cap	0.6	16	11
RhCowl	Armor	armorgear	Rawhide Cowl	1.6	35	11
RhGntl	Armor	armorgear	Rawhide Gauntlets	0.8	30	11
RhKBoot	Armor	armorgear	Rawhide Knee Boots	3.8	120	11
RhLoin	Armor	armorgear	Rawhide Loincloth	2.8	20	11
RhLngVst	Armor	armorgear	Rawhide Long Vest	6.8	148	11
RhMntl	Armor	armorgear	Rawhide Mantle	1.1	74	11
RhShoe	Armor	armorgear	Rawhide Shoes	1.5	35	11
RhSkirt	Armor	armorgear	Rawhide Skirt	4	65	11
RhSTunic	Armor	armorgear	Rawhide Sleeved Tunic	6.8	150	11
RhTunic	Armor	armorgear	Rawhide Tunic	6.8	148	11
RhVest	Armor	armorgear	Rawhide Vest	3.6	96	11
RByr	Armor	armorgear	Ring Byrnie	17.6	308	13
RMtn	Armor	armorgear	Ring Gauntlets	1.6	28	13
RHbk	Armor	armorgear	Ring Hauberk	26.4	462	13
RnLeg	Armor	armorgear	Ring Leggings	17.6	308	13
RnVest	Armor	armorgear	Ring Vest	11.2	196	13
RBrch	Armor	armorgear	Russet Breeches	0.5	20	7
RCap	Armor	armorgear	Russet Cap	0.1	5	7
RClk	Armor	armorgear	Russet Cloak	1.7	79	7
RCowl	Armor	armorgear	Russet Cowl	0.2	7	7
RGlv	Armor	armorgear	Russet Gloves	0.2	24	7
RHat	Armor	armorgear	Russet Hat	0.2	18	7
RLeg	Armor	armorgear	Russet Leggings	0.9	43	7
RMntl	Armor	armorgear	Russet Mantle	0.6	25	7
RRobe	Armor	armorgear	Russet Robe	2	95	7
RShirt	Armor	armorgear	Russet Shirt	0.9	40	7
RSkirt	Armor	armorgear	Russet Skirt	1.5	48	7
RSTnc	Armor	armorgear	Russet Sleeved Tunic	1.3	60	7
RSwd	Armor	armorgear	Russet Swaddle	0.5	23	7
RTrsr	Armor	armorgear	Russet Trousers	1	47	7
RTunic	Armor	armorgear	Russet Tunic	1.2	54	7
RVest	Armor	armorgear	Russet Vest	0.6	29	7
SByrn	Armor	armorgear	Scale Byrnie	18.2	330	14
SCwl	Armor	armorgear	Scale Cowl	3.3	60	14
SCui	Armor	armorgear	Scale Cuisse	9.4	170	14
SGntl	Armor	armorgear	Scale Gauntlets	2.8	50	14
SHabg	Armor	armorgear	Scale Habergeon	24.8	450	14
SHaub	Armor	armorgear	Scale Hauberk	35.2	640	14
SLeg	Armor	armorgear	Scale Leggings	19.8	360	14
SSlByrn	Armor	armorgear	Scale Sleeved Byrnie	22	400	14
SVest	Armor	armorgear	Scale Vest	13.2	240	14
SlsCap	Armor	armorgear	Sealskin Cap	0.7	48	11
SlsCloak	Armor	armorgear	Sealskin Cloak	4.6	270	11
SlsCowl	Armor	armorgear	Sealskin Cowl	1.9	105	11
SlsLgSh	Armor	armorgear	Sealskin Longshirt	8.2	444	11
SlsRobe	Armor	armorgear	Sealskin Robe	12.2	675	11
SlsShirt	Armor	armorgear	Sealskin Shirt	3	165	11
SlsSTnc	Armor	armorgear	Sealskin Sleeved Tunic	8.2	450	11
SlsTunic	Armor	armorgear	Sealskin Tunic	8.2	444	11
SlsVest	Armor	armorgear	Sealskin Vest	4.3	288	11
SgApn	Armor	armorgear	Serge Apron	2.2	6	7
SgBrch	Armor	armorgear	Serge Breeches	0.5	10	7
SgCap	Armor	armorgear	Serge Cap	0.1	2	7
SgClk	Armor	armorgear	Serge Cloak	1.7	40	7
SgCowl	Armor	armorgear	Serge Cowl	0.2	4	7
SgDress	Armor	armorgear	Serge Dress	2	47	7
SgLeg	Armor	armorgear	Serge Leggings	0.9	22	7
SgMntl	Armor	armorgear	Serge Mantle	0.6	13	7
SgRobe	Armor	armorgear	Serge Robe	2	47	7
SgShirt	Armor	armorgear	Serge Shirt	0.9	20	7
SgSkirt	Armor	armorgear	Serge Skirt	1.5	24	7
SgSTnc	Armor	armorgear	Serge Sleeved Tunic	1.3	30	7
SgSwd	Armor	armorgear	Serge Swaddle	0.5	11	7
SgTrsr	Armor	armorgear	Serge Trousers	1	23	7
SgTunic	Armor	armorgear	Serge Tunic	1.2	27	7
SgVest	Armor	armorgear	Serge Vest	0.6	14	7
SlkApn	Armor	armorgear	Silk Apron	2.2	90	7
SlkClk	Armor	armorgear	Silk Cloak	1.7	594	7
SlkCoat	Armor	armorgear	Silk Coat	1.6	576	7
SlkDress	Armor	armorgear	Silk Dress	2	711	7
SlkGlv	Armor	armorgear	Silk Gloves	0.2	180	7
SlkLeg	Armor	armorgear	Silk Leggings	0.9	324	7
SlkMntl	Armor	armorgear	Silk Mantle	0.6	189	7
SlkRobe	Armor	armorgear	Silk Robe	2	711	7
SlkShirt	Armor	armorgear	Silk Shirt	0.9	297	7
SlkSTnc	Armor	armorgear	Silk Sleeved Tunic	1.3	450	7
SlkScoat	Armor	armorgear	Silk Surcoat	1.4	486	7
SlkSwd	Armor	armorgear	Silk Swaddle	0.5	171	7
SlkTunic	Armor	armorgear	Silk Tunic	1.2	405	7
SlkVest	Armor	armorgear	Silk Vest	0.6	216	7
StHat	Armor	armorgear	Straw Hat	0.1	5	5
StShoes	Armor	armorgear	Straw Sandals	0.1	5	5
StSkirt	Armor	armorgear	Straw Skirt	0.8	12	5
VApn	Armor	armorgear	Velvet Apron	4.4	35	10
VBrch	Armor	armorgear	Velvet Breeches	0.9	60	10
VCap	Armor	armorgear	Velvet Cap	0.2	14	10
VClk	Armor	armorgear	Velvet Cloak	3.3	231	10
VCowl	Armor	armorgear	Velvet Cowl	0.3	21	10
VDress	Armor	armorgear	Velvet Dress	4	277	10
VGlv	Armor	armorgear	Velvet Gloves	0.3	70	10
VHat	Armor	armorgear	Velvet Hat	0.3	53	10
VLeg	Armor	armorgear	Velvet Leggings	1.8	126	10
VMntl	Armor	armorgear	Velvet Mantle	1.1	74	10
VRobe	Armor	armorgear	Velvet Robe	4	277	10
VShirt	Armor	armorgear	Velvet Shirt	1.7	116	10
VSTnc	Armor	armorgear	Velvet Sleeved Tunic	2.5	175	10
VTrsr	Armor	armorgear	Velvet Trousers	2	137	10
VTunic	Armor	armorgear	Velvet Tunic	2.3	158	10
VVest	Armor	armorgear	Velvet Vest	1.2	84	10
WApn	Armor	armorgear	Worsted Apron	3.5	24	9
WBrch	Armor	armorgear	Worsted Breeches	0.7	41	9
WCBoot	Armor	armorgear	Worsted Calf Boots	1	91	9
WCap	Armor	armorgear	Worsted Cap	0.2	10	9
WClk	Armor	armorgear	Worsted Cloak	2.6	158	9
WCoat	Armor	armorgear	Worsted Coat	2.6	154	9
WCowl	Armor	armorgear	Worsted Cowl	0.2	14	9
WDress	Armor	armorgear	Worsted Dress	3.2	190	9
WHat	Armor	armorgear	Worsted Hat	0.2	36	9
WLeg	Armor	armorgear	Worsted Leggings	1.4	86	9
WMntl	Armor	armorgear	Worsted Mantle	0.9	50	9
WRobe	Armor	armorgear	Worsted Robe	3.2	190	9
WShirt	Armor	armorgear	Worsted Shirt	1.4	79	9
WSkirt	Armor	armorgear	Worsted Skirt	2.4	96	9
WSTnc	Armor	armorgear	Worsted Sleeved Tunic	2	120	9
WScoat	Armor	armorgear	Worsted Surcoat	2.2	130	9
WSwd	Armor	armorgear	Worsted Swaddle	0.8	46	9
WTrsr	Armor	armorgear	Worsted Trousers	1.6	94	9
WTunic	Armor	armorgear	Worsted Tunic	1.8	108	9
WVest	Armor	armorgear	Worsted Vest	1	58	9
dyeblk	Clothing	miscgear	Dye, Black	0.0625	36	1
dyedrgn	Clothing	miscgear	Dye, Dragon's Blood	0.0625	170	1
dyefst	Clothing	miscgear	Dye, Forest Green	0.0625	24	1
dyeindg	Clothing	miscgear	Dye, Indigo Blue	0.0625	54	1
dyenut	Clothing	miscgear	Dye, Nut Brown	0.0625	18	1
dyeochr	Clothing	miscgear	Dye, Ochre Yellow	0.0625	30	1
dyesfrn	Clothing	miscgear	Dye, Saffron Yellow	0.0625	160	1
dyetzch	Clothing	miscgear	Dye, Tazach Purple	0.0625	200	1
backbaglgl	Containers	containergear	Back bag, lg, leather	2.5	15	8
backbagmed	Containers	containergear	Back bag, med, leather	2	12	8
backpk	Containers	containergear	Backpack	2	30	8
bglgcvs	Containers	containergear	Bag, lg, canvas	1	8	8
bgsmcvs	Containers	containergear	Bag, sm, canvas	0.5	5	8
bktlrg	Containers	containergear	Basket, large	3.5	5	8
bpchlg	Containers	containergear	Belt pouch, leather, lg	1	8	8
bpchmd	Containers	containergear	Belt pouch, leather, med	0.5	4	8
beltpouchl3	Containers	containergear	Belt pouch, leather, sm	0.25	2	3
bottleglas	Containers	containergear	Bottle, glass, large	4	25	2
bottleglas2	Containers	containergear	Bottle, glass, medium	3	10	2
bottleglas3	Containers	containergear	Bottle, glass, small	2	6	2
bucketcopp	Containers	containergear	Bucket, copper	2	10	4
bucketleat	Containers	containergear	Bucket, leather	4	20	8
cauldronir	Containers	containergear	Cauldron, Iron	30	30	10
cookingpot	Containers	containergear	Cooking pot, copper	3	6	4
flaskmetal	Containers	containergear	Flask, Metal	0	5	7
flskgls1p	Containers	containergear	Flask, glass, 1 pint	1	6	2
inkwellcop	Containers	containergear	Inkwell, copper	1	12	5
inkwellgla	Containers	containergear	Inkwell, glass	1	30	2
jarglassla	Containers	containergear	Jar, glass, large	2	18	2
jarglasssm	Containers	containergear	Jar, glass, small	1	9	2
jarliddedl	Containers	containergear	Jar, lidded, large	6	8	3
jarliddedm	Containers	containergear	Jar, lidded, medium	2.8	5	3
jarliddeds	Containers	containergear	Jar, lidded, small	1.7	3	3
jarointmen	Containers	containergear	Jar, ointment, large	1.1	2	3
jarointmen2	Containers	containergear	Jar, ointment, medium	0.7	1.5	3
jarointmen3	Containers	containergear	Jar, ointment, small	0.4	1	3
jarointmen4	Containers	containergear	Jar, ointment, tiny	0.9	0.5	3
lampglass	Containers	containergear	Lamp. glass	2	24	2
lanternmet	Containers	containergear	Lantern, metal	1	12	7
lockboxlar	Containers	containergear	Lockbox, large	5	24	8
lockboxsma	Containers	containergear	Lockbox, small	3	12	7
papercasel	Containers	containergear	Paper case, leather	0.9	180	8
potcooking	Containers	containergear	Pot, cooking, large	2.3	4	3
potcooking2	Containers	containergear	Pot, cooking, small	1.1	2	3
quiverlgsh	Containers	containergear	Quiver, lg (shoulder)	4	10	8
quiversmsh	Containers	containergear	Quiver, sm (shoulder or hip)	3	8	8
vialglassl	Containers	containergear	Vial, glass, large	1.25	4	2
vialglassm	Containers	containergear	Vial, glass, medium	0.75	4	2
vialglasss	Containers	containergear	Vial, glass, small	0.5	4	2
wtrskin	Containers	containergear	Waterskin, 2qt.	1	24	7
bowlcopper	Cooking	miscgear	Bowl, copper	1	6	4
bowlpewter	Cooking	miscgear	Bowl, pewter	1	4	4
cauldrontr	Cooking	miscgear	Cauldron Tripod, Iron	8	10	10
cupcopper	Cooking	miscgear	Cup, copper	0	3	3
cuppewter	Cooking	miscgear	Cup, pewter	0	2	3
gobletglas	Cooking	miscgear	Goblet, glass	0.5	48	2
gobletpewt	Cooking	miscgear	Goblet, pewter	1	3	3
ladlecoppe	Cooking	miscgear	Ladle, copper	2	4	5
pancopperl	Cooking	miscgear	Pan, copper, large	3	12	4
pancopperm	Cooking	miscgear	Pan, copper, medium	2	8	4
pancoppers	Cooking	miscgear	Pan, copper, small	2	5	4
platepewte	Cooking	miscgear	Plate, pewter	1	5	3
platetin	Cooking	miscgear	Plate, tin	1	2	3
spigot	Cooking	miscgear	Spigot	0	9	5
spoonpewte	Cooking	miscgear	Spoon, pewter	0	4	3
tankardpew	Cooking	miscgear	Tankard, pewter	1	4	4
ElxAcid	Elixirs	concoctiongear	Alkahest of Sidéros	0.25	0	5
ElxSCl	Elixirs	concoctiongear	Cloak of the Unseen Soul	0.25	0	5
ElxExs	Elixirs	concoctiongear	Desert's Kiss	0.25	0	5
ElxFir	Elixirs	concoctiongear	Flame's Indifference	0.25	0	5
ElxMgt	Elixirs	concoctiongear	Heart-of-the-Oak	0.25	0	5
ElxVer	Elixirs	concoctiongear	Hydälis's Eye	0.25	0	5
ElxObA	Elixirs	concoctiongear	Keeper's Vow	0.25	0	5
ElxShd	Elixirs	concoctiongear	Night's Exhalation	0.25	0	5
ElxDrk	Elixirs	concoctiongear	Owl's Benediction	0.25	0	5
ElxAir	Elixirs	concoctiongear	Pauper's Wind	0.25	0	5
ElxHeal	Elixirs	concoctiongear	Physéran Balm	0.25	0	5
ElxWrm	Elixirs	concoctiongear	Pyréthos's Hearth	0.25	0	5
ElxErp	Elixirs	concoctiongear	Pyréthos's Wrath	0.25	0	5
ElxMsl	Elixirs	concoctiongear	Salve of the Mind	0.25	0	5
ElxErd	Elixirs	concoctiongear	Scholar's Lantern	0.25	0	5
ElxFmb	Elixirs	concoctiongear	The Choking Veil	0.25	0	5
ElxPhy	Elixirs	concoctiongear	The Dispelling Draft	0.25	0	5
ElxQsc	Elixirs	concoctiongear	The Dormant Draft	0.25	0	5
ElxPas	Elixirs	concoctiongear	The Imposed Humor	0.25	0	5
ElxSus	Elixirs	concoctiongear	The Liquid Feast	0.25	0	5
ElxTrm	Elixirs	concoctiongear	The Pain-Breaker	0.25	0	5
ElxSBf	Elixirs	concoctiongear	The Pearl Ward	0.25	0	5
ElxEqp	Elixirs	concoctiongear	The Quickened Thread	0.25	0	5
ElxPsn	Elixirs	concoctiongear	The Reversed Gift	0.25	0	5
ElxFrm	Elixirs	concoctiongear	The Second Utterance	0.25	0	5
ElxSht	Elixirs	concoctiongear	The Shattering Cry	0.25	0	5
ElxEgo	Elixirs	concoctiongear	The Silent Scribe	0.25	0	5
ElxWkn	Elixirs	concoctiongear	The Torpid Cloud	0.25	0	5
ElxVrv	Elixirs	concoctiongear	The Wakeful Road	0.25	0	5
ElxDrm	Elixirs	concoctiongear	The Wandering Dream	0.25	0	5
ElxMnd	Elixirs	concoctiongear	The Whole-Making	0.25	0	5
ElxGst	Elixirs	concoctiongear	Veil-Piercer	0.25	0	5
ElxAqu	Elixirs	concoctiongear	Waterheart	0.25	0	5
ElxFtp	Elixirs	concoctiongear	Whispertread	0.25	0	5
ElxIce	Elixirs	concoctiongear	Zephäris's Mantle	0.25	0	5
armrsup	Expedition	miscgear	Armor Maintenance Supplies, per 1d	0.05	1	2
baldricsho	Expedition	miscgear	Baldric, Shoulder	1.75	10	8
ballleathe	Expedition	miscgear	Ball, leather	1	4	3
beadscoppe	Expedition	miscgear	Beads, copper	0	7	3
beadsglass	Expedition	miscgear	Beads, glass	0.1	10	2
HvyBdrl	Expedition	miscgear	Bedroll, heavy	10	100	7
LiteBdrl	Expedition	miscgear	Bedroll, light	4	30	7
bswax	Expedition	miscgear	Beeswax	1	1	8
beltwaist	Expedition	miscgear	Belt, Waist	1	8	8
HvyBlkt	Expedition	miscgear	Blanket, heavy	8	20	7
LiteBlkt	Expedition	miscgear	Blanket, light	3	10	7
bowcase	Expedition	miscgear	Bow case	4.75	18	8
buttonspac	Expedition	miscgear	Buttons, pack of 4 (matching)	0	0.75	3
cageironla	Expedition	miscgear	Cage, iron, large	160	1260	10
cageironme	Expedition	miscgear	Cage, iron, medium	22	342	10
cageironsm	Expedition	miscgear	Cage, iron, small	3	48	10
caltropsca	Expedition	miscgear	Caltrops, cavalry, pack of 4	2	12	8
chainheavy	Expedition	miscgear	Chain, heavy	4	5	10
chainlight	Expedition	miscgear	Chain, light	1	2	7
chalkstick	Expedition	miscgear	Chalk Sticks	1	10	1
dicepackof	Expedition	miscgear	Dice, pack of 6	0.25	5	4
fetters	Expedition	miscgear	Fetters	5	30	10
talc	Expedition	miscgear	Fine Talc	0.0625	10	0
fishinglin	Expedition	miscgear	Fishing Line, per 10 ft.	0.1	2	2
gluept	Expedition	miscgear	Glue, pint	1	3	0
grphook	Expedition	miscgear	Grappling Hook	4	20	9
horndrinki	Expedition	miscgear	Horn, drinking	12	24	3
incense	Expedition	miscgear	Incense	0.0625	12	0
keys	Expedition	miscgear	Keys	0.1	2	5
lockdoorhe	Expedition	miscgear	Lock, door, heavy-duty	2	30	8
lockdoorla	Expedition	miscgear	Lock, door, large	1	20	7
lockdoorsm	Expedition	miscgear	Lock, door, small	0.75	45	7
lockminiat	Expedition	miscgear	Lock, miniature	0.25	90	5
lockpadloc2	Expedition	miscgear	Lock, padlock	0.5	35	7
lockpadloc	Expedition	miscgear	Lock, padlock, heavy-duty	1.5	50	9
marblesgla	Expedition	miscgear	Marbles, glass, pack of 12	1	10	2
medsupil	Expedition	miscgear	Medical Supplies, per IL	0.1	3	0
mirrorbron	Expedition	miscgear	Mirror, bronze	2	12	4
mirroriron	Expedition	miscgear	Mirror, iron, silver-coated	2	20	5
nailspacko	Expedition	miscgear	Nails, pack of 24	1	2	7
netweighte	Expedition	miscgear	Net, Weighted, per 5 ft sq.	4.5	48	5
paintperga	Expedition	miscgear	Paint, per gallon	8	20	0
pipewd	Expedition	miscgear	Pipe weed	0.0625	2	0
pipesmokin	Expedition	miscgear	Pipe, smoking	0.25	3	3
piton	Expedition	miscgear	Piton	0.5	1	8
rope1hempp	Expedition	miscgear	Rope, 1” hemp, per ft  (1,125 lb cap.)	0.27	2	7
rope2hempp	Expedition	miscgear	Rope, 2” hemp, per ft (3,875 lb cap.)	1.08	4	7
rope3hempp	Expedition	miscgear	Rope, 3” hemp, per ft (8,000 lb cap.)	2.42	8	8
rope14silk	Expedition	miscgear	Rope, ¼” silk, per ft (225 lb cap.)	0.02	16	5
rope12hemp	Expedition	miscgear	Rope, ½” hemp, per ft (330 lb cap.)	0.08	1	5
rope12silk	Expedition	miscgear	Rope, ½” silk, per ft (1000 lb cap.)	0.08	32	6
scabbard	Expedition	miscgear	Scabbard	1	48	8
spikes	Expedition	miscgear	Spikes	1	1.25	8
spitandsta	Expedition	miscgear	Spit and Stand, iron	12	15	10
sponge	Expedition	miscgear	Sponge	0.1	45	5
string	Expedition	miscgear	String	0.1	2	2
sundialbro	Expedition	miscgear	Sundial, bronze	50	225	6
tacklebloc	Expedition	miscgear	Tackle Block	2.5	5	7
tentconica	Expedition	miscgear	Tent, Conical	38	66	6
tentdome	Expedition	miscgear	Tent, Dome	25	216	6
tentmilita	Expedition	miscgear	Tent, Military	90	312	6
tentridged	Expedition	miscgear	Tent, Ridged, large	31	144	6
tentridged2	Expedition	miscgear	Tent, Ridged, small	22	102	6
traphuntin	Expedition	miscgear	Trap, hunting, large	8	40	8
traphuntin2	Expedition	miscgear	Trap, hunting, small	2	30	8
twineper10	Expedition	miscgear	Twine, per 10 yards (5 lb. cap.)	0.2	4	2
wpnsup	Expedition	miscgear	Weapon Maintenance Supplies, per 1d	0.02	1	2
wedgesplit	Expedition	miscgear	Wedge, splitting	3	18	8
wedgestayi	Expedition	miscgear	Wedge, staying	1	225	8
wirecopper	Expedition	miscgear	Wire, copper	0	2	4
anchovies	Food	miscgear	Anchovies	0.25	1	0
apples	Food	miscgear	Apples	1	0.25	0
applescrat	Food	miscgear	Apples, crate	51.25	7.5	0
bacon	Food	miscgear	Bacon	1	1.25	0
barley	Food	miscgear	Barley	48	5	0
beanscrate	Food	miscgear	Beans, crate	41.25	6.5	0
beef	Food	miscgear	Beef	1	1	0
berries	Food	miscgear	Berries	1	0.75	0
breadryelo	Food	miscgear	Bread, Rye, loaf	1.5	0.25	0
breadwheat	Food	miscgear	Bread, Wheat, loaf	1.5	0.5	0
buns	Food	miscgear	Buns	3	0.5	0
butter	Food	miscgear	Butter	1	0.5	0
cabbage	Food	miscgear	Cabbage	1	0.5	0
carrots	Food	miscgear	Carrots	1	0.5	0
cheese	Food	miscgear	Cheese	1	1	0
cherries	Food	miscgear	Cherries	1	0.5	0
chicken	Food	miscgear	Chicken	1	1.25	0
cod	Food	miscgear	Cod	1	1	0
crab	Food	miscgear	Crab	1	1	0
cream	Food	miscgear	Cream	8	6	0
curds	Food	miscgear	Curds	1	0.5	0
duck	Food	miscgear	Duck	1	2	0
eels	Food	miscgear	Eels	0.75	1	0
eggs	Food	miscgear	Eggs	1.35	1	0
feathers	Food	miscgear	Feathers	1	6	0
flax	Food	miscgear	Flax	60	3	0
fleece	Food	miscgear	Fleece	3	12	0
flourbarle	Food	miscgear	Flour, Barley	1	0.25	0
flourrye	Food	miscgear	Flour, Rye	1	0.25	0
flourwheat	Food	miscgear	Flour, Wheat	1	0.5	0
garlic	Food	miscgear	Garlic bulb	0.1	9	3
goat	Food	miscgear	Goat	1	1.5	0
goose	Food	miscgear	Goose	1	2	0
grapes	Food	miscgear	Grapes	1	1	0
ham	Food	miscgear	Ham	1	1	0
hay	Food	miscgear	Hay	60	6	0
herring	Food	miscgear	Herring	0.5	1	0
honeyjar	Food	miscgear	Honey, jar	2	2	0
-	Food	-	Honey, pot	12	12	0
horsemeat	Food	miscgear	Horsemeat	1	3	0
lamb	Food	miscgear	Lamb	1	3	0
lard	Food	miscgear	Lard	1	1	0
lentils	Food	miscgear	Lentils	1	0.5	0
mackerel	Food	miscgear	Mackerel	0.25	1	0
milkcow	Food	miscgear	Milk, cow	8	1	0
milkgoat	Food	miscgear	Milk, goat	8	1	0
milksheep	Food	miscgear	Milk, sheep	8	2	0
mutton	Food	miscgear	Mutton	1	2	0
oatcakes	Food	miscgear	Oatcakes	4	0.25	0
oatmeal	Food	miscgear	Oatmeal	1	0.25	0
oats	Food	miscgear	Oats	32	4	0
oats2	Food	miscgear	Oats	25.5	5.75	0
oilcook	Food	miscgear	Oil, Cooking	12	3	0
olives	Food	miscgear	Olives	1	8	0
oysters	Food	miscgear	Oysters	0.5	1	0
pears	Food	miscgear	Pears	1	0.5	0
peascrate	Food	miscgear	Peas, crate	41.25	6.5	0
pheasant	Food	miscgear	Pheasant	1	1	0
piefruit	Food	miscgear	Pie, Fruit	0.5	0.75	0
piefruit2	Food	miscgear	Pie, Fruit	0.5	0.75	0
piemeat	Food	miscgear	Pie, Meat	0.5	1	0
piemeat2	Food	miscgear	Pie, Meat	0.5	1	0
pigeon	Food	miscgear	Pigeon	1	1.75	0
pike	Food	miscgear	Pike	1	1	0
plums	Food	miscgear	Plums	1	0.75	0
pork	Food	miscgear	Pork	1	1.5	0
rabbit	Food	miscgear	Rabbit	1	2.5	0
raisins	Food	miscgear	Raisins	1	1.5	0
FRtns	Food	miscgear	Rations, Iron	3	3	7
StdRtns	Food	miscgear	Rations, Standard	3	2	7
rye	Food	miscgear	Rye	56	6	0
salmon	Food	miscgear	Salmon	2	1	0
saltbag	Food	miscgear	Salt, bag	1	0.25	0
saltrock	Food	miscgear	Salt, rock	1	0.5	0
saltsack	Food	miscgear	Salt, sack	51	10	0
scallions	Food	miscgear	Scallions	1	0.25	0
scones	Food	miscgear	Scones	1	0.5	0
seaweeddol	Food	miscgear	Seaweed, Dolce	6	1	0
sugar	Food	miscgear	Sugar	1	60	0
swan	Food	miscgear	Swan	1	3	0
tea	Food	miscgear	Tea	0.0625	35	0
tomatoes	Food	miscgear	Tomatoes	1	0.5	0
trout	Food	miscgear	Trout	1	1	0
veal	Food	miscgear	Veal	1	2	0
venison	Food	miscgear	Venison	1	2	0
vetches	Food	miscgear	Vetches	1	4	0
Wtr1pt	Food	miscgear	Water, 1pt.	1	0	0
wheat	Food	miscgear	Wheat	60	8	0
woolraw	Food	miscgear	Wool, Raw	1	4	0
PtnAntvG	Great	concoctiongear	Asp's Atonement	0.25	480	5
PtnCoagG	Great	concoctiongear	Deathstaunch	0.25	480	5
PtnStmG	Great	concoctiongear	Heartflame	0.25	480	5
PtnPoiG	Great	concoctiongear	Kingsbane	0.25	480	5
PtnNarG	Great	concoctiongear	Milk of Sleep	0.25	480	5
PtnHalG	Great	concoctiongear	Oracle's Vapor	0.25	480	5
PtnAromG	Great	concoctiongear	Rose of the Empyrean	0.25	480	5
PtnAphrG	Great	concoctiongear	Siren's Tincture	0.25	480	5
PtnCurG	Great	concoctiongear	Sovereign Poultice	0.25	480	5
PtnEmG	Great	concoctiongear	The Black Rebuke	0.25	480	5
PtnParG	Great	concoctiongear	The Frozen Draft	0.25	480	5
PtnSopG	Great	concoctiongear	The Long Night	0.25	480	5
armrkit	Instruments	miscgear	Armorer's Kit	18	140	9
blacksmkit	Instruments	miscgear	Blacksmith's Kit	20	80	10
brandingir	Instruments	miscgear	Branding Iron	3	18	10
carpentryk	Instruments	miscgear	Carpentry Kit	8	60	7
chisel	Instruments	miscgear	Chisel	0.75	6	8
climbkit	Instruments	miscgear	Climber's Kit	5	15	6
coinbalanc	Instruments	miscgear	Coin Balance	0.5	30	5
cookkit	Instruments	miscgear	Cooking Kit	6	40	7
disgkit	Instruments	miscgear	Disguise Kit	4	55	4
filemetal	Instruments	miscgear	File, metal	0.75	15	8
fishgkit	Instruments	miscgear	Fishing Kit	0.2	6	7
fletchkit	Instruments	miscgear	Fletcher's Kit	2	30	5
groomkit	Instruments	miscgear	Grooming Kit	1.5	20	5
handdrill	Instruments	miscgear	Hand drill	3.5	40	7
herbkit	Instruments	miscgear	Herbalist's Kit	3	35	5
hdwkkit	Instruments	miscgear	Hideworking Kit	3	24	7
jewelerskt	Instruments	miscgear	Jeweler's Kit	4	55	4
jewelerssc	Instruments	miscgear	Jeweler's Scales	3	72	5
lkcrftkt	Instruments	miscgear	Lockcraft Kit	4	65	4
lkpickkit	Instruments	miscgear	Lockpicking Kit	0.3	45	3
masonkit	Instruments	miscgear	Mason's Kit	15	55	9
metalwrktl	Instruments	miscgear	Metalworking Kit	10	100	8
pilotinstr	Instruments	miscgear	Pilot's Instruments	4	180	4
scalesweig	Instruments	miscgear	Scales & Weights	7.5	144	7
scribekit	Instruments	miscgear	Scribe's Kit	1.5	45	4
sewkit	Instruments	miscgear	Sewing Kit	0.5	22	2
surgkit	Instruments	miscgear	Surgical Kit	6	120	4
tackkit	Instruments	miscgear	Tack & Grooming Kit	5	20	6
wpnsmkit	Instruments	miscgear	Weaponsmith's Kit	12	120	8
woodwrkkit	Instruments	miscgear	Woodworking Kit	4	48	7
agatecut	Jewelry_Cash	miscgear	Agate, cut	0.0004	10	2
amber	Jewelry_Cash	miscgear	Amber	0.0625	50	1
ambercut	Jewelry_Cash	miscgear	Amber, cut	0.0004	2	1
bloodstone	Jewelry_Cash	miscgear	Bloodstone, cut	0.0004	15	2
brass	Jewelry_Cash	miscgear	Brass	0.0625	1	3
carnelianc	Jewelry_Cash	miscgear	Carnelian, cut	0.0004	25	2
chrysolite	Jewelry_Cash	miscgear	Chrysolite, cut	0.0004	500	2
copperbron	Jewelry_Cash	miscgear	Copper/Bronze	0.0625	1	3
diamondcut	Jewelry_Cash	miscgear	Diamond, cut	0.0004	800	2
emeraldcut	Jewelry_Cash	miscgear	Emerald, cut	0.0004	700	2
garnetcut	Jewelry_Cash	miscgear	Garnet, cut	0.0004	400	2
glass	Jewelry_Cash	miscgear	Glass	0.0625	6	2
gold	Jewelry_Cash	miscgear	Gold	0.0625	1200	3
gldcrwn	Jewelry_Cash	miscgear	Gold Crown	0.0625	240	7
ivory	Jewelry_Cash	miscgear	Ivory	0.0625	16	3
jade	Jewelry_Cash	miscgear	Jade	0.0625	500	3
jankorezcu	Jewelry_Cash	miscgear	Jankorez, cut	0.0004	1200	2
jetcut	Jewelry_Cash	miscgear	Jet, cut	0.0004	1	1
mithral	Jewelry_Cash	miscgear	Mithral	0.0625	7500	3
moonstonec	Jewelry_Cash	miscgear	Moonstone, cut	0.0004	30	2
onyxcut	Jewelry_Cash	miscgear	Onyx, cut	0.0004	20	2
opalcut	Jewelry_Cash	miscgear	Opal, cut	0.0004	80	2
pearlcut	Jewelry_Cash	miscgear	Pearl, cut	0.0004	10	2
pence	Jewelry_Cash	miscgear	Pence	0.004	1	3
pewter	Jewelry_Cash	miscgear	Pewter	0.0625	1	3
quartzcut	Jewelry_Cash	miscgear	Quartz, cut	0.0004	5	2
rubycut	Jewelry_Cash	miscgear	Ruby, cut	0.0004	1000	2
sapphirecu	Jewelry_Cash	miscgear	Sapphire, cut	0.0004	900	2
silver	Jewelry_Cash	miscgear	Silver	0.0625	60	3
spinelcut	Jewelry_Cash	miscgear	Spinel, cut	0.0004	40	2
topazcut	Jewelry_Cash	miscgear	Topaz, cut	0.0004	600	2
brazier	Lighting	miscgear	Brazier	25	100	8
candlecali	Lighting	miscgear	Candle, Calibrated	0.5	10	7
candlehold	Lighting	miscgear	Candleholder, hand	1	4	4
candlesbee	Lighting	miscgear	Candles, Beeswax	1	24	7
candlestal	Lighting	miscgear	Candles, Tallow	1	8	7
candlestic	Lighting	miscgear	Candlestick, iron	1	7	7
oillamp	Lighting	miscgear	Oil, Lamp	12	12	0
tndrbx	Lighting	miscgear	Tinderbox	2	6	7
torch2	Lighting	miscgear	Torch	1	1	9
PtnCoagM	Mild	concoctiongear	Bloodstill	0.25	16	5
PtnHalM	Mild	concoctiongear	Dreamsugar	0.25	16	5
PtnStmM	Mild	concoctiongear	Ember Draft	0.25	16	5
PtnSopM	Mild	concoctiongear	Evenfall Draft	0.25	16	5
PtnAphrM	Mild	concoctiongear	Lover's Flush	0.25	16	5
PtnCurM	Mild	concoctiongear	Mender's Paste	0.25	16	5
PtnAromM	Mild	concoctiongear	Orchard Breath	0.25	16	5
PtnNarM	Mild	concoctiongear	Poppytear	0.25	16	5
PtnParM	Mild	concoctiongear	Stillbind	0.25	16	5
PtnEmM	Mild	concoctiongear	The Bitter Purge	0.25	16	5
PtnAntvM	Mild	concoctiongear	Viper's Mercy	0.25	16	5
PtnPoiM	Mild	concoctiongear	Widow's Whisper	0.25	16	5
bagpipes	Music	miscgear	Bagpipes	8	120	4
bellhand	Music	miscgear	Bell, hand	1	5	7
bellsmall	Music	miscgear	Bell, small	1	4	7
belltemple	Music	miscgear	Bell, temple	50	200	10
belltiny	Music	miscgear	Bell, tiny	0	3	7
belltiny2	Music	miscgear	Bell, tiny	0.25	3	7
bonehorn	Music	miscgear	Bone/Horn	0.0625	1	4
chime	Music	miscgear	Chime	1	20	6
clappersbo	Music	miscgear	Clappers, bone	1.25	1	5
clappersbo2	Music	miscgear	Clappers, bone	1.25	1	5
drumbass	Music	miscgear	Drum, bass	8	50	5
drumhand	Music	miscgear	Drum, hand	4	36	5
dulcimer	Music	miscgear	Dulcimer	15	240	4
fluteiron	Music	miscgear	Flute, iron	1	18	7
flutewoode	Music	miscgear	Flute, wooden	0.5	3	4
harpaeolia	Music	miscgear	Harp, Aeolian (small)	6	42	4
harpjarind	Music	miscgear	Harp, Jarind (great)	25	300	4
hornhuntin	Music	miscgear	Horn, Hunting	1	20	6
hornbonehu	Music	miscgear	Horn, bone, hunting	1	9	5
hornfanfar	Music	miscgear	Horn, fanfare	4	120	6
hornmusica	Music	miscgear	Horn, musical	1	72	6
lute	Music	miscgear	Lute	3	200	3
lyre	Music	miscgear	Lyre	3	120	3
ocarinaflu	Music	miscgear	Ocarina Flute	0.75	18	3
pipes	Music	miscgear	Pipes	2	60	4
boneforcar	Natural	miscgear	Bone (for carving)	1	0.25	4
grease	Natural	miscgear	Grease	1	2	0
hidebeaver	Natural	miscgear	Hide, Beaver	1.5	30	3
hidecalf	Natural	miscgear	Hide, Calf	9.5	16	3
hidecow	Natural	miscgear	Hide, Cow	22	0	3
hidedeer	Natural	miscgear	Hide, Deer	1.5	6	3
hideelk	Natural	miscgear	Hide, Elk	5	0	3
hideermine	Natural	miscgear	Hide, Ermine/Sable	0.1	45	3
hideexotic	Natural	miscgear	Hide, Exotic	0	120	3
hidehorse	Natural	miscgear	Hide, Horse	10	10	3
hidekiplar	Natural	miscgear	Hide, Kip (large calf)	5	0	3
hidelambsk	Natural	miscgear	Hide, Lambskin	0.75	2	3
hideotterw	Natural	miscgear	Hide, Otter/Weasel	1.5	24	3
hideox	Natural	miscgear	Hide, Ox	7.5	12	3
hidepig	Natural	miscgear	Hide, Pig	1.75	5	3
hiderabbit	Natural	miscgear	Hide, Rabbit	0.5	1	3
hidereinde	Natural	miscgear	Hide, Reindeer	4.5	16	3
hideseal	Natural	miscgear	Hide, Seal	6	24	3
hidesheep	Natural	miscgear	Hide, Sheep	1.5	4	3
leathertan	Natural	miscgear	Leather, Tanned, per sq yard	0	12	5
tar	Natural	miscgear	Tar	12	9	0
BDrt	Projectiles	projectilegear	Blowgun Dart	2	0.1	10
ArwHBlt	Projectiles	projectilegear	Heavy Blunt Arrow	1.25	0.22	10
BltHBlt	Projectiles	projectilegear	Heavy Blunt Bolt	1.25	0.22	10
ArwHBod	Projectiles	projectilegear	Heavy Bodkin Arrow	1.25	0.22	10
BltHBod	Projectiles	projectilegear	Heavy Bodkin Bolt	1.25	0.22	10
ArwHBrd	Projectiles	projectilegear	Heavy Broad Arrow	1.25	0.22	10
BltHBrd	Projectiles	projectilegear	Heavy Broad Bolt	1.25	0.22	10
LBul	Projectiles	projectilegear	Lead Bullet	0.17	1	10
ArwLBlt	Projectiles	projectilegear	Light Blunt Arrow	1	0.125	10
BltLBlt	Projectiles	projectilegear	Light Blunt Bolt	1	0.125	10
ArwLBod	Projectiles	projectilegear	Light Bodkin Arrow	1	0.125	10
BltLBod	Projectiles	projectilegear	Light Bodkin Bolt	1	0.125	10
ArwLBrd	Projectiles	projectilegear	Light Broad Arrow	1	0.125	10
BltLBrd	Projectiles	projectilegear	Light Broad Bolt	1	0.125	10
SSton	Projectiles	projectilegear	Sling Stone	1	0.16	10
ArwStd	Projectiles	projectilegear	Standard Arrow	1.25	0.22	10
BltStd	Projectiles	projectilegear	Standard Bolt	1.25	0.22	10
iconreligi	Religious	miscgear	Icon, religions, large	1.8	4	4
iconreligi2	Religious	miscgear	Icon, religious, small	0.9	2	4
blotsand	Scribe	miscgear	Blotting Sand	0.5	5	0
bookbase	Scribe	miscgear	Book, Base	1	10	5
inkblk	Scribe	miscgear	Ink, Black	2	9	0
inkblu	Scribe	miscgear	Ink, Blue	2	10	0
inkbrn	Scribe	miscgear	Ink, Brown	2	8	0
inkgrn	Scribe	miscgear	Ink, Green	2	8	0
inkred	Scribe	miscgear	Ink, Red	2	12	0
map	Scribe	miscgear	Map	0.1	12	2
parchment	Scribe	miscgear	Parchment	0.1	2	3
penmetal	Scribe	miscgear	Pen, metal	0.1	4	5
penquill	Scribe	miscgear	Pen, quill	0.05	1	1
penwood	Scribe	miscgear	Pen, wood	0.1	1	3
sealsignat	Scribe	miscgear	Seal, Signature	0.25	36	7
vellumperp	Scribe	miscgear	Vellum, per page	0.2	1	3
waxtablet	Scribe	miscgear	Wax Tablet	1	6	5
waxsealing	Scribe	miscgear	Wax, sealing	1	4	0
alekeg	Spirits	miscgear	Ale, Keg	72	16	0
alept	Spirits	miscgear	Ale, Pint	1	0.25	0
beerhgsh	Spirits	miscgear	Beer, Hogshead	440	125	0
beerkeg	Spirits	miscgear	Beer, Keg	72	25	0
beerpt	Spirits	miscgear	Beer, Pint	1	0.5	0
brdydrm	Spirits	miscgear	Brandy, Dram	0.1	0.5	0
brdykeg	Spirits	miscgear	Brandy, Keg	85	360	0
brdypt	Spirits	miscgear	Brandy, Pint	1	5	0
cdrkeg	Spirits	miscgear	Cider, Keg	72	16	0
cdrpt	Spirits	miscgear	Cider, Pint	1	0.25	0
gwinecup	Spirits	miscgear	Cup Good Wine	0.5	2.5	0
winecup	Spirits	miscgear	Cup Wine	0.5	1.25	0
gwinept	Spirits	miscgear	Good Wine, 1 pt.	1	5	0
alehgsh	Spirits	miscgear	Hogshead Ale	440	95	0
gwinehgsh	Spirits	miscgear	Hogshead Good Wine	500	2400	0
winehgsh	Spirits	miscgear	Hogshead Wine	500	1200	0
gwinekeg	Spirits	miscgear	Keg Good Wine	72	360	0
winekeg	Spirits	miscgear	Keg Wine	72	180	0
mdkeg	Spirits	miscgear	Mead, Keg	88	55	0
mdpt	Spirits	miscgear	Mead, Pint	1	0.5	0
winept	Spirits	miscgear	Wine, 1 pt.	1	2.5	0
chalkbulk	Stone	miscgear	Chalk, bulk	1	1	1
chalkpowde	Stone	miscgear	Chalk, powdered	1	4	0
grindstone	Stone	miscgear	Grindstone	17	12	8
limestonep	Stone	miscgear	Limestone, powdered	1	3	0
millstone	Stone	miscgear	Millstone	50	250	10
stonefine	Stone	miscgear	Stone, Fine	400	1	7
stonemarbl	Stone	miscgear	Stone, Marble	400	3	5
stonerough	Stone	miscgear	Stone, Rough	400	0.5	8
talcrough	Stone	miscgear	Talc, Rough	0.06	1	1
PtnPoiS	Strong	concoctiongear	Blackroot Tincture	0.25	48	5
PtnAphrS	Strong	concoctiongear	Cinder Kiss	0.25	48	5
PtnAromS	Strong	concoctiongear	Courtier's Allure	0.25	48	5
PtnStmS	Strong	concoctiongear	Livewire	0.25	48	5
PtnNarS	Strong	concoctiongear	Lotus Ease	0.25	48	5
PtnParS	Strong	concoctiongear	Marble Kiss	0.25	48	5
PtnCurS	Strong	concoctiongear	Physician's Comfort	0.25	48	5
PtnAntvS	Strong	concoctiongear	Serpent's Bane	0.25	48	5
PtnSopS	Strong	concoctiongear	Silk Sleep	0.25	48	5
PtnCoagS	Strong	concoctiongear	Thornstaunch	0.25	48	5
PtnHalS	Strong	concoctiongear	Veil-Smoke	0.25	48	5
PtnEmS	Strong	concoctiongear	Witch's Swill	0.25	48	5
bridle	Tack	miscgear	Bridle	2	12	8
harnesshor	Tack	miscgear	Harness, Horse	8	18	8
harnessox	Tack	miscgear	Harness, Ox	7	18	8
horseshoe	Tack	miscgear	Horseshoe	1	1	8
leash	Tack	miscgear	Leash	0.5	2	5
muzzle	Tack	miscgear	Muzzle	1.5	6	6
saddleridi	Tack	miscgear	Saddle, Riding	10	80	8
saddlewar	Tack	miscgear	Saddle, War	20	240	8
spurs	Tack	miscgear	Spurs	0.25	18	8
BghNkh	Weapons	weapongear	Bagh Nakh	0.5	12	10
B&CFl	Weapons	weapongear	Ball & Chain Flail	4	72	12
BstdSwd	Weapons	weapongear	Bastard Sword	5	184	12
BAxe	Weapons	weapongear	Battleaxe	6	108	12
BatlSwd	Weapons	weapongear	Battlesword	7	240	13
BGun	Weapons	weapongear	Blowgun	1	30	8
Kel	Weapons	weapongear	Bodkin	2	36	12
-	Weapons	weapongear	Bolas	2	15	10
Bmrg	Weapons	weapongear	Boomerang	1	15	11
BrdSwd	Weapons	weapongear	Broadsword	3	156	12
Bklr	Weapons	weapongear	Buckler	3	30	9
Chak	Weapons	weapongear	Chakram	0.5	3	11
Clb	Weapons	weapongear	Club	3	12	9
ClbImp	Weapons	weapongear	Club, Improvised	3	0	8
ClbLg	Weapons	weapongear	Club, Large	5	18	9
CBw100	Weapons	weapongear	Composite Bow 100	3	540	12
CBw120	Weapons	weapongear	Composite Bow 120	4	600	12
CBw140	Weapons	weapongear	Composite Bow 140	4	660	12
CBw40	Weapons	weapongear	Composite Bow 40	2	360	11
CBw60	Weapons	weapongear	Composite Bow 60	2	420	11
CBw80	Weapons	weapongear	Composite Bow 80	3	480	11
CCxBw200	Weapons	weapongear	Composite Crossbow 200	7	144	11
CCxBw300	Weapons	weapongear	Composite Crossbow 300	9	204	12
Crwbr	Weapons	weapongear	Crowbar	6	9	11
Cdgl	Weapons	weapongear	Cudgel	3	12	9
Dgr	Weapons	weapongear	Dagger	1	24	11
Dao	Weapons	weapongear	Dao	3	156	12
Dhal	Weapons	weapongear	Dhal	5	72	11
Estc	Weapons	weapongear	Estoc	3	168	12
Falcstra	Weapons	weapongear	Falcastra	7	42	9
Falcn	Weapons	weapongear	Falchion	3	120	12
Flch	Weapons	weapongear	Fléchette	0.25	3	10
Gada	Weapons	weapongear	Gada	8	120	12
Glv	Weapons	weapongear	Glaive	7	60	11
GrnFl	Weapons	weapongear	Grainflail	3	16	9
GunDao	Weapons	weapongear	Green Dragon Crescent Blade	10	300	12
HAxe	Weapons	weapongear	Handaxe	4	84	11
Hcht	Weapons	weapongear	Hatchet	2	6	9
BarJav	Weapons	weapongear	Javelin, Barbed	3	36	10
BodJav	Weapons	weapongear	Javelin, Bodkin	3	36	10
Jian	Weapons	weapongear	Jian	2	144	12
JPole	Weapons	weapongear	Jousting Pole	6	40	8
Ktna	Weapons	weapongear	Katana	3	240	13
Katr	Weapons	weapongear	Katar	1	60	12
Knda	Weapons	weapongear	Khanda	4	168	12
Kiliji	Weapons	weapongear	Kiliji	3	156	12
KiSh	Weapons	weapongear	Kite Shield	7	72	11
Kni	Weapons	weapongear	Knife	1	6	10
KnSh	Weapons	weapongear	Knight's Shield	5	60	11
kncldstr	Weapons	weapongear	Knuckledusters	0.5	30	10
KznStlbw	Weapons	weapongear	Kúzan Steelbow	12	288	14
Lnc	Weapons	weapongear	Lance	7	120	11
LBw100	Weapons	weapongear	Longbow 100	3	54	10
LBw125	Weapons	weapongear	Longbow 125	3	63	11
LBw150	Weapons	weapongear	Longbow 150	4	72	11
LBw175	Weapons	weapongear	Longbow 175	4	81	11
LBw50	Weapons	weapongear	Longbow 50	2	36	10
LBw75	Weapons	weapongear	Longbow 75	2	45	10
LKni	Weapons	weapongear	Longknife	2	96	13
StlMce	Weapons	weapongear	Mace, Steel Handle	4	108	12
WdMce	Weapons	weapongear	Mace, Wood Handle	3	84	11
Mank	Weapons	weapongear	Mankar	2	84	11
Maul	Weapons	weapongear	Maul	7	96	12
Biao	Weapons	weapongear	Meteor Dart	1	36	11
-	Weapons	weapongear	Meteor Hammer	4	96	11
MgStr	Weapons	weapongear	Morningstar	5	48	11
Mang	Weapons	weapongear	Máng	3	108	10
Net	Weapons	weapongear	Net	4	48	9
Pata	Weapons	weapongear	Pata	3	180	12
PkAxe	Weapons	weapongear	Pickaxe	7	18	9
Pike	Weapons	weapongear	Pike	10	96	12
Pfrk	Weapons	weapongear	Pitchfork	4	9	9
PAxe	Weapons	weapongear	Poleaxe	7	96	11
Qing	Weapons	weapongear	Qiang	3.5	72	11
RndSh	Weapons	weapongear	Roundshield	6	48	10
Scmtr	Weapons	weapongear	Scimitar	3	184	12
Shmshr	Weapons	weapongear	Shamshir	2.5	168	12
ShrtSwd	Weapons	weapongear	Shortsword	2	96	12
Shrkn	Weapons	weapongear	Shuriken	0.3	5	11
Skl	Weapons	weapongear	Sickle	1	10	9
SlgHmr	Weapons	weapongear	Sledgehammer	6	24	10
Slng	Weapons	weapongear	Sling	0.1	6	9
SlngStf	Weapons	weapongear	Sling Staff	0.1	6	9
SlngSht	Weapons	weapongear	Slingshot	0.7	12	9
Spr	Weapons	weapongear	Spear	4	60	11
Stf	Weapons	weapongear	Staff	4	24	11
LStf	Weapons	weapongear	Staff, Long	5	30	11
Stk	Weapons	weapongear	Stick	1	6	8
Tabri	Weapons	weapongear	Tabûri	1	20	10
Tlwr	Weapons	weapongear	Talwar	2.5	144	12
Shkn	Weapons	weapongear	Throwing Axe	2	48	10
TwrSh	Weapons	weapongear	Tower Shield	8	96	11
Tri	Weapons	weapongear	Trident	6	72	12
Trsha	Weapons	weapongear	Trishula	5	108	12
Trunch	Weapons	weapongear	Truncheon	3	12	9
Urumi	Weapons	weapongear	Urumi	2	96	10
Waki	Weapons	weapongear	Wakizashi	1.5	120	13
WFl	Weapons	weapongear	Warflail	5	60	11
Whmr	Weapons	weapongear	Warhammer	4	84	11
Whp	Weapons	weapongear	Whip	2	12	9
RWhp	Weapons	weapongear	Whip, Reksyni	3	24	10
TWhp	Weapons	weapongear	Whip, Teamster	1	6	9
WAxe	Weapons	weapongear	Wood Axe	5	12	9
WCxBw120	Weapons	weapongear	Wooden Crossbow 120	4	84	10
WCxBw160	Weapons	weapongear	Wooden Crossbow 160	5	96	10
WCxBw80	Weapons	weapongear	Wooden Crossbow 80	3	60	10
